-- phpMyAdmin SQL Dump
-- version 5.2.1
-- https://www.phpmyadmin.net/
--
-- Host: localhost
-- Generation Time: Mar 19, 2025 at 03:26 AM
-- Server version: 10.4.28-MariaDB
-- PHP Version: 8.2.4

SET SQL_MODE = "NO_AUTO_VALUE_ON_ZERO";
START TRANSACTION;
SET time_zone = "+00:00";


/*!40101 SET @OLD_CHARACTER_SET_CLIENT=@@CHARACTER_SET_CLIENT */;
/*!40101 SET @OLD_CHARACTER_SET_RESULTS=@@CHARACTER_SET_RESULTS */;
/*!40101 SET @OLD_COLLATION_CONNECTION=@@COLLATION_CONNECTION */;
/*!40101 SET NAMES utf8mb4 */;

--
-- Database: `itssru`
--

-- --------------------------------------------------------

--
-- Table structure for table `company`
--

CREATE TABLE `company` (
  `com_id` int(11) NOT NULL,
  `com_name` varchar(100) NOT NULL,
  `com_addr` varchar(255) NOT NULL,
  `com_lat` double NOT NULL,
  `com_lng` double NOT NULL,
  `com_region` int(11) NOT NULL
) ENGINE=InnoDB DEFAULT CHARSET=utf8 COLLATE=utf8_general_ci;

--
-- Dumping data for table `company`
--

INSERT INTO `company` (`com_id`, `com_name`, `com_addr`, `com_lat`, `com_lng`, `com_region`) VALUES
(101, 'บริษัท ออเร้นจ์ อินเตอร์เน็ต มาร์เก็ตติ้ง จำกัด', '90/16 ถนนศรีอยุธยา แขวงวชิรพยาบาล เขตดุสิต กรุงเทพฯ 10300', 13.771668, 100.501901, 1),
(102, 'บริษัท ท่าอากาศยานไทย จำกัด (มหาชน) สำนักงานใหญ่', '333 ถนนเชิดวุฒากาศ แขวงสีกัน เขตดอนเมือง กรุงเทพฯ 10210', 13.92717, 100.603194, 8),
(103, 'บริษัท คอลล์วอยซ์ คอมมูนิเคชั่นส์ จำกัด', 'อาคารสำนักงานเซ็นทรัลปิ่นเกล้า ชั้น 19 7/129 ถนน บรมราชชนนี แขวง อรุณอมรินทร์ เขต บางกอกน้อย กรุงเทพฯ 10700', 13.778851, 100.475927, 2),
(104, 'ศูนย์เทคโนโลยีสารสนเทศมรดกศิลปวัฒนธรรม กรมศิลปากร', 'ชั้น 8 อาคารธนาลงกรณ์ กระทรวงวัฒนธรรม เขตบางพลัด กรุงเทพฯ 10700', 13.783246, 100.473556, 2),
(105, 'บริษัท มิคเซล จำกัด (Head Office)', '21/1-3 หมู่ 8 อาคารบิ๊กวันคอมเพล็กซ์ ถนนปู่เจ้าสมิงพราย ตำบลสำโรงกลาง อำเภอพระประแดง 10130', 13.644488, 100.587543, 7),
(106, 'ศาลอาญากรุงเทพใต้', '1271/1 ถนนเจริญกรุง แขวงยานนาวา เขตสาทร กรุงเทพฯ 10120', 13.713586, 100.514804, 6),
(107, 'บริษัท พิกซิลล่า จำกัด', 'เค.เอส.แอล.ทาวเวอร์ 503 ถ. ศรีอยุธยา แขวง ถนนพญาไท เขต ราชเทวี กรุงเทพมหานคร 10400', 13.757374, 100.537704, 5),
(109, 'บริษัท นันยางการทออุตสาหกรรม จำกัด ', '27 ถนนเพรชเกษม เขตหนอมแขม แขวงหนองค้างพลู กรุงเทพฯ 10160', 13.70734, 100.369573, 3),
(110, 'บริษัท บางกอกเชนฮอสปิทอล จำกัด (มหาชน)', '586,588 ถนนเพชรเกษม แขวงบางแคเหนือ เขตบางแค กรุงเทพฯ 10160', 13.710755, 100.399259, 3),
(111, 'บริษัท ทีโอที จำกัด (มหาชน) สำนักงานใหญ่', '89/2 ถนนแจ้งวัฒนะ แขวงทุ่งสองห้อง เขตหลักสี่ กรุงเทพฯ 10210', 13.885091, 100.575612, 8),
(112, 'บริษัท เดอะ ไวท์ เลเบิลส์ จำกัด (มหาชน)', 'อาคาร FYI Center ถนนพระราม 4 แขวงคลองเตย เขตคลองเตย กรุงเทพฯ 10110', 13.720519, 100.559689, 7),
(113, 'สำนักการศึกษา กรุงเทพมหานคร', '869 ถนนลาดหญ้า เขตคลองสาน กรุงเทพฯ 10600', 13.730643, 100.510993, 6),
(114, 'บริษัท ตาม้า ออซ (กรุ๊ป) จำกัด', '647 อาคารภิรัชทาวเวอร์ ชั้น 30 ถนนสุขุมวิท แขวงคลองตัน(เหนือ) เขตวัฒนา กรุงเทพฯ 10110', 13.731425, 100.569824, 7),
(115, 'บริษัท เจนเนติกพลัส จำกัด', '128/374 อาคารพญาไทพลาซ่า ชั้น 34 ถนนพญาไท แขวงถนนพญาไท\r\n เขตราชเทวี  กรุงเทพฯ 10400\r\n', 13.756551, 100.532792, 1),
(116, 'โรงพยาบาลวิชัยเวช อินเตอร์เนชั่นแนล (หนองแขม)', '456-456/8 ถนนเพชรเกษม แขวงหนองค้างพลู เขตหนองแขม กรุงเทพมหานคร 10160', 13.707449, 100.360691, 3),
(117, 'บริษัท กสท โทรคมนาคม จำกัด (มหาชน)', '99 ถนนแจ้งวัฒนะ แขวง ทุ่งสองห้อง เขต หลักสี่ กรุงเทพมหานคร 10210', 13.888848, 100.570663, 8),
(118, 'มูลนิธิรักษ์ไทย', '185 ซอยประดิพัทธ์ 6 ถนนประดิพัทธ์ แขวงสามเสนใน เขตพญาไท กรุงเทพฯ 10400', 13.789005, 100.540225, 5),
(119, 'สบาบันวิทยาลัยชุมชน กระทรวงศึกษาธิการ', '319 อาคารรัชมังคลาภิเษก 2 วังจันทรเกษม กระทรวงศึกษาธิการ ถนนราชดำเนินนอก เขตดุสิต กรุงเทพฯ 10300', 13.766099, 100.507955, 1),
(121, 'บริษัท สยามตาก จำกัด', '66 ถนนกาญจนาภิเษก ตำบลบางคูเวียง อำเภอบางกรวย จังหวัดนนทบุรี 11130', 13.815689, 100.412432, 4),
(122, 'บริษัท ไทยดอทรัน จำกัด', '88  อาคารปาโซ่ทาวเวอร์  ชั้น 25 ห้อง เอ ถ. สีลม แขวง สุริยวงศ์ เขต บางรัก กรุงเทพฯ 10500', 13.7270652, 100.5270787, 6),
(123, 'บริษัท ทีโอที จำกัด (มหาชน) กรุงเกษม ', '798 ถ.กรุงเกษม แขวงวัดโสมนัส เขตป้อมปราบศัตรูพ่าย กรุงเทพฯ 10100', 13.758434, 100.514098, 1),
(124, 'ตั้งฮั่วเส็ง สาขาธนบุรี ​\r\n', ' 289 ถนนสิรินธร เขตบางพลัด กรุงเทพฯ 10700  \r\n', 13.788007, 100.482761, 2),
(125, 'บริษัท เทเลอินโฟ มีเดีย จำกัด (มหาชน)', '1126/2 อาคารวานิช 2 ชั้น 28 ห้องเลขที่ 2803, 2804 ถนนเพชรบุรีตัดใหม่ แขวงมักกะสัน เขตราชเทวี กรุงเทพฯ 10400', 13.748939, 100.548015, 5),
(126, 'บริษัท โปรอิมเมจ เอ็นจิเนียริ่ง แอนด์ คอมมูนิเคชั่น จำกัด ', '72 อาคาร กสท โทรคมนาคม ชั้น 4 ,18 ถนนเจริญกรุง แขวงบางรัก เขตบางรัก กรุงเทพฯ 10500', 13.727066, 100.514219, 6),
(127, 'บริษัท ทูเฟลโลส์ เน็ตเวิร์ค แอนด์ ดีไซน์ จำกัด', '35/5 ซ.ศุภราช 1 พหลโยธิน 8\r\nแขวงสามเสนใน เขตพญาไท กรุงเทพมหานคร 10400', 13.783932, 100.552833, 5),
(128, 'เครือเลอร์นบาลานซ์กรุ๊ป (LearnBalance & Enconcept)', '5/11 ถนนพญาไท แขวงถนนพญาไท เขตราชเทวี กทม 10400', 13.76337, 100.537688, 5),
(129, 'บริษัท โฮเต็ลเบดส์ (ประเทศไทย) จำกัด', '511 ซอย 6 ถนนศรีอยุธยา, แขวง ถนนพญาไท เขต ราชเทวี กรุงเทพมหานคร 10400', 13.757995, 100.539829, 5),
(130, 'ร้าน Photocity Digital lab เซ็นทรัลปิ่นเกล้า', '7/1 ถนนบรมราชชนนี แขวงอรุณอมรินทร์ เขตบางกอกน้อย กรุงเทพฯ 10700 ', 13.777952, 100.476111, 2),
(131, 'บริษัท รติรัตน์พร็อพเพอร์ตี้ จำกัด', 'เลขที่ 96/2 ม.1 ต.ไทรน้อย อ.ไทรน้อย จ.นนทบุรี 11150', 13.951472, 100.346795, 4),
(132, 'สภาอุตสาหกรรมแห่งประเทศไทย', 'ศูนย์การประชุมแห่งชาติสิริกิติ์ โซน ซี ชั้น4,60 ถ.รัชดาภิเษกตัดใหม่ แขวงคองเตย เขตคลองเตย กรุงเทพ 10110', 13.724414, 100.558762, 7),
(133, 'บริษัท อาร์ดีบ็อกซ์ จำกัด', '74/20 หมู่3 ห้องเลขที่ 1-5 ถนนราชพฤกษ์ ตำบลบางรักน้อย อำเภอเมืองนนทบุรี จังหวัดนนทบุรี 11000', 13.788903, 100.445871, 4),
(134, 'กรมส่งเสริมและพัฒนาคุณภาพชีวิตผู้พิการ', '255 อาคาร 60 ปี กรมประชาสงเคราะห์ ถนนราชวิถี เขตราชเทวี กรุงเทพฯ 10400', 13.77023, 100.527756, 1),
(135, 'โรงพยาบาลเกษมราษฎร์ อินเตอร์เนชั่นแนล รัตนาธิเบศร์', '60 หมู่ 6 ถนนตลิ่งชัน-สุพรรณบุรี ต.เสาธงหิน อ.บางใหญ่ จ.นนทบุรี 11140', 13.881399, 100.410077, 4),
(136, 'บริษัท โซลโฟร์สตรีท จำกัด', '142-146 ถนน พระรามที่ 5 แขวงสวนจิตรลดา เขตดุสิต กรุงเทพฯ 10300', 13.773899, 100.519259, 1),
(137, 'สำนักวิทยบริการและเทคโนโลยีสารสนเทศ มหาวิทยาลัยราชภัฏสวนสุนันทา', '1 ถนนอู่ทองนอก แขวงดุสิต เขตดุสิต กรุงเทพมหานคร 10300', 13.776811, 100.508771, 1),
(138, 'สำนักงานเขตบางพลัด', 'เลขที่ 39 ถนนจรัญสนิทวงศ์ แขวงบางอ้อ เขตบางพลัด กรุงเทพมหานคร 10700', 13.794197, 100.504987, 2),
(139, 'โรงเรียนนายร้อยตำรวจสามพราน', '90 ม.7 ต.สามพราน อ.สามพราน เขตสามพราน จ.นครปฐม 73110', 13.730814, 100.21805, 3),
(140, 'กระทรวงพาณิชย์', '563 ถนนนนทบุรี ตำบลบางกระสอ อำเภอเมือง จังหวัดนนทบุรี 11000 ', 13.883295, 100.48718, 4),
(141, 'บริษัท ไอ.ซี.ซี. อินเตอร์เนชั่นแนล จำกัด (มหาชน)', '530 ซ.สาธุประดิษฐ์ 58 แขวงบางโพงพาง เขตยานนาวา กรุงเทพมหานคร 10120 ', 13.686198, 100.526312, 6),
(142, 'บริษัท อมรินทร์พริ้นติ้งแอนด์พับลิชชิ่ง จำกัด (มหาชน)', '378 ถนนชัยพฤกษ์ แขวงตลิ่งชัน เขตตลิ่งชัน กรุงเทพมหานคร 10170', 13.794014, 100.465326, 4),
(143, 'การไฟฟ้าฝ่ายผลิตแห่งประเทศไทย', '53 หมู่ 2 ถนนจรัญสนิทวงศ์ ตำบลบางกรวย อำเภอบางกรวย นนทบุรี 11130', 13.807052, 100.505866, 2),
(144, 'บริษัท เอเชียกรีนเอนเนอจี จำกัด (มหาชน)', '273/1 ถนนพระราม 2 แขวงแสมดำ เขตบางขุนเทียน กรุงเทพมหานคร 10150', 13.653509, 100.427255, 3),
(145, 'บริษัท พันพิลา จำกัด', '75/126 ซอย ร่มเกล้า 1 แขวง แสนแสบ เขต มีนบุรี กรุงเทพมหานคร 10510', 13.809012, 100.740689, 8),
(146, 'กรมการทหารสื่อสาร', 'ถนนพระราม 5 แขวงถนนนครไชยศรี เขตดุสิต กรุงเทพมหานคร 10300', 13.793556, 100.529356, 2),
(147, 'บริษัท ช้อปปี้ (ประเทศไทย) จำกัด', ' 9 อาคาร จี ทาวเวอร์ แกรนด์ พระราม 9 ชั้น 30 ถ.พระราม9 แขวงห้วยขวาง เขตห้วยขวาง กทม.10310', 13.757111, 100.565825, 7),
(148, 'บริษัท ฮีโน่มอเตอร์ส แมนูแฟคเจอริ่ง(ประเทศไทย) จำกัด', '99 หมู่ที่ 3 ถนน เทพารักษ์ ตำบลเทพารักษ์ อำเภอเมืองสมุทรปราการ สมุทรปราการ 10270', 13.637501, 100.607836, 7),
(149, 'บริษัท วิน วิน อินโนเวทีฟ เทคโนโลยี จำกัด', '111/56 ซอยรามอินทรา 40 แขวงนวลจันทร์ เขตบึงกุ่ม จังหวัดกรุงเพพมหานคร 10230', 13.840463, 100.641191, 8),
(150, 'โรงพยาบาลบางโพ', '95 ซอยเดรี่เบลล์ ถนนประชาราษฎร์ 2 แขวงบางซื่อ เขตบางซื่อ กทม 10800', 13.806949, 100.523247, 2),
(151, 'บริษัท 108 โอเอ จำกัด\r\n', '92 ถนนบางแวก แขวงบางแวก เขตภาษีเจริญ กรุงเทพ 10160', 13.739372, 100.455828, 3),
(152, 'บริษัท เอ็นเทค อีเลคทรอนิคส์ จำกัด', '259/22 ม. 9 ต. กระทุ่มล้ม อ. สามพราน จ. นครปฐม 73220\r\n', 13.759618, 100.32763, 3),
(153, 'สำนักงานเขต ราษฎร์บูรณะ', '1 ถ.ราษฎร์บูรณะ แขวงราษฎร์บูรณะ เขตราษฎร์บูรณะ กรุงเทพมหานคร 10140', 13.681863, 100.505791, 6),
(154, 'การไฟฟ้าฝ่ายผลิตเเห่งประเทศไทย สำนักงานไทรน้อย', '81 หมู่11 ถ.บางกรวย-ไทรน้อย ต.ไทรน้อย อ.ไทรน้อย จ.นนทบุรี', 13.975667, 100.344439, 4),
(155, 'บริษัท ฟูจิฟิล์ม ประเทศไทย จำกัด', 'ชั้น 8 อาคาร เอส. พี. เลขที่ 388 ถนนพหลโยธิน แขวงสามเสนใน เขตพญาไท กรุงเทพ 10400', 13.781039, 100.545656, 5),
(156, 'DHL สาขาบางพลี', '4/25 อาคาร วิลล์มิลด์พาร์ค ถ.บางนา-ตราด ก.ม.10.5 เขต บางพลี แขวง บางพลี จ.สมุทรปราการ 10540', 13.642585, 100.70086, 7),
(157, 'โรงพยาบาลทหารผ่านศึก', '123 ถนนวิภาวดีรังสิต แขวงสามเสนใน\r\nเขตพญาไท กทม. 10400', 13.77197, 100.551634, 5),
(158, 'บริษัท พิโกะ โอเค อินเตอร์เนชั่นแนล จำกัด', '276/96 ถนนพุทธบูชา บางมด ทุ่งครุ กทม. 10140', 13.650605, 100.4836, 3),
(159, 'บริษัท เอสจีเอส (ประเทศไทย) จำกัด', '41/23 ซอย 59 ถนนพระราม 3 แขวงช่องนนทรี เขตยานนาวา กทม 10120', 13.705739, 100.544065, 6),
(160, 'กรมการข้าว', ' 50 แขวงลาดยาว เขตจตุจักร กทม 10900', 13.845252, 100.577827, 8),
(161, 'บริษัท แมสวอร์ จำกัด', ' 599/83 \r\nถนนรัชดาภิเษก แขวงจตุจักร เขตจตุจักร \r\nกรุงเทพมหานคร \r\n10900 ', 13.827479, 100.58609, 8),
(162, 'ศูนเทคโนโลยีสารสนเทศกรมทางหลวง', '2/486 พระราม 6 แขวง ทุ่งพญาไท เขต ราชเทวี กรุงเทพมหานคร 10400', 13.759294, 100.526014, 1),
(163, 'สถาบันรับรองคุณภาพสถานพยาบาล (องค์การมหาชน)', '88/39 กระทรวงสาธารณสุข ซอย6 อาคารสุขภาพแห่งชาติ ชั้น5 ถ.ติวานนท์ ต.ตลาดขวัญ อ.เมือง จ.นนทบุรี 11000', 13.851386, 100.531143, 8);

-- --------------------------------------------------------

--
-- Table structure for table `region`
--

CREATE TABLE `region` (
  `reg_id` int(11) NOT NULL,
  `reg_name` varchar(200) NOT NULL
) ENGINE=InnoDB DEFAULT CHARSET=utf8 COLLATE=utf8_general_ci;

--
-- Dumping data for table `region`
--

INSERT INTO `region` (`reg_id`, `reg_name`) VALUES
(1, 'อ.ดร.บุศรินทร์ เอี่ยมธนากุล'),
(2, 'อ.ดร. ปรีดาวรรณ เกษเมธีการุณ'),
(3, 'อ.ธวัฒน์ชัย ศิลังค์ประชา'),
(4, 'ผศ.ดร.สุมิตรา นวลมีศรี'),
(5, 'ผศ.ดร.ศิริลักษณ์ เกตุฉาย'),
(6, 'ผศ.ดร.พิจิตรา จอมศรี'),
(7, 'อ.ดร.ดุลยวิทย์ ปรางชุมพล'),
(8, 'อ.ชัชพล ชอบวิทยาคุณ');

-- --------------------------------------------------------

--
-- Table structure for table `student`
--

CREATE TABLE `student` (
  `stu_id` varchar(20) NOT NULL,
  `stu_prefix` varchar(100) NOT NULL,
  `stu_fname` varchar(50) NOT NULL,
  `stu_lname` varchar(50) NOT NULL,
  `stu_room` int(11) NOT NULL,
  `stu_companyid` int(11) NOT NULL
) ENGINE=InnoDB DEFAULT CHARSET=utf8 COLLATE=utf8_general_ci;

--
-- Dumping data for table `student`
--

INSERT INTO `student` (`stu_id`, `stu_prefix`, `stu_fname`, `stu_lname`, `stu_room`, `stu_companyid`) VALUES
('58122202001', 'นาย', 'มงคล', 'ศรีศิลป์', 1, 999),
('58122202002', 'นาย', 'ฐิติวัฒน์', 'อาจิณวัฒน์', 1, 127),
('58122202003', 'นาย', 'ทักษ์ดนัย', 'เดือนสว่าง', 1, 147),
('58122202004', 'นาย', 'สำเริง', 'ทองอ่อน', 1, 149),
('58122202005', 'นาย', 'ภูวมิตร', 'ติวาวิไล', 1, 121),
('58122202006', 'นาย', 'จตุพล', 'อุตรช่อ', 1, 111),
('58122202007', 'นาย', 'กีรเกียรติ', 'กาญจนวาส', 1, 127),
('58122202009', 'นาย', 'นพกร', 'วิชญะ', 1, 125),
('58122202012', 'นางสาว', 'รณพร', 'ผิวนวล', 1, 122),
('58122202013', 'นางสาว', 'โศจิรัตน์', 'ชมชื่น', 1, 129),
('58122202014', 'นาย', 'พัชระ', 'สุวรรณบดินทร์', 1, 152),
('58122202018', 'นาย', 'วงศธร', 'วิทยวราวัฒน์', 1, 122),
('58122202020', 'นาย', 'อดิศร', 'ห้อมทอง', 1, 122),
('58122202022', 'นาย', 'กนกศักดิ์', 'พรหมดี', 1, 148),
('58122202023', 'นาย', 'นันทกรณ์', 'กิ้วราชแยง', 1, 122),
('58122202024', 'นางสาว', 'นัฐญาพร', 'พรทิตกุล', 1, 128),
('58122202025', 'นาย', 'พุฒินิพัทธ์', 'อยู่มณเทียร', 1, 111),
('58122202027', 'นาย', 'วิทยา', 'บุญญานุสิทธิ์', 1, 146),
('58122202028', 'นาย', 'เพชร', 'ทัศนภูมิ', 1, 111),
('58122202029', 'นาย', 'ไชยวัฒน์', 'ขจรสัจจานันท์', 1, 151),
('58122202030', 'นาย', 'อิสิวัชร์', 'นาสมยนต์', 1, 126),
('58122202031', 'นาย', 'อนันฐพงษ์', 'อัมพร', 1, 130),
('58122202032', 'นาย', 'จารุพงศ์', 'ปวิชพงศ์กุล', 1, 128),
('58122202033', 'นาย', 'เกมส์', 'ภูมิวิทยาวัฒน์', 1, 125),
('58122202034', 'นางสาว', 'เบญจมาศ', 'เรียงครุฑ', 1, 123),
('58122202035', 'นาย', 'ชนวี', 'ศรีแวนวงศ์', 1, 121),
('58122202036', 'นาย', 'ทรัพย์สิน', 'นามโคตร', 1, 156),
('58122202037', 'นาย', 'อิทธิพล', 'เคียงประพันธ์', 1, 151),
('58122202039', 'นาย', 'อนุภาพ', 'สิงห์รอด', 1, 124),
('58122202040', 'นาง', 'ปวริศา', 'เวชกามา', 1, 123),
('58122202041', 'นางสาว', 'สุธาทิพย์', 'จันทมาศ', 1, 128),
('58122202042', 'นาย', 'ประชารักษ์', 'พงศ์ปฏิสนธิ', 1, 126),
('58122202044', 'นาย', 'อภิวัฒน์', 'นันทพรม', 1, 161),
('58122202045', 'นาย', 'ศราวุฒิ', 'อุดมเดชขจรกิจ', 1, 158),
('58122202046', 'นางสาว', 'กัญญารัตน์', 'พุ่มจันทร์', 1, 129),
('58122202047', 'นาย', 'ภรีม', 'ศรีสุข', 1, 125),
('58122202048', 'นาย', 'ปวิตร', 'เฉลิมชัยพร', 1, 147),
('58122202050', 'นาย', 'สุธี', 'หัตถกิจ', 2, 131),
('58122202052', 'นาย', 'นครินทร์', 'ดิษฐคลึ', 2, 132),
('58122202053', 'นาย', 'ณัฐพงษ์', 'เครือมา', 2, 160),
('58122202054', 'นาย', 'ประพัฒน์', 'เมฆขลา', 2, 162),
('58122202056', 'นางสาว', 'เพ็ญนภา', 'แจ่มจำรัส', 2, 133),
('58122202058', 'นาย', 'สิรภพ', 'สมบัติพิบูลย์', 2, 134),
('58122202060', 'นาย', 'นิกร', 'นันทวงศ์', 2, 137),
('58122202061', 'นาย', 'นพพร', 'ศรีทองดี', 2, 163),
('58122202062', 'นาย', 'อภิสิทธิ์', 'จันมั่นคง', 2, 135),
('58122202063', 'นาย', 'ณัฐวัตร', 'วงษ์ธรรม', 2, 136),
('58122202064', 'นาย', 'พีรพล', 'ศิริบรรจงศักดิ์', 2, 137),
('58122202066', 'นางสาว', 'สุดารัตน์', 'ภูมีทอง', 2, 132),
('58122202067', 'นางสาว', 'พัชญา', 'กาเพชร', 2, 138),
('58122202069', 'นาย', 'เกรียงศักดิ์', 'แสงบัวแก้ว', 2, 139),
('58122202070', 'นาย', 'ธีรนัย', 'จารุบุญญากร', 2, 159),
('58122202071', 'นาย', 'ธนราช', 'วภักดิ์เพชร', 2, 153),
('58122202072', 'นางสาว', 'เมตตา', 'แก้วสด', 2, 140),
('58122202073', 'นาย', 'ณัฐวุฒิ', 'สุวรรณประดิษฐ์', 2, 141),
('58122202074', 'นางสาว', 'ณัฐวรรณ', 'รัตนะรัต', 2, 140),
('58122202075', 'นาย', 'ชัยพร', 'ชมประดิษฐ์', 2, 142),
('58122202077', 'นาย', 'วัชรพล', 'แซ่ลิ้ม', 2, 143),
('58122202078', 'นาย', 'อนุวิทย์', 'บรรเทา', 2, 144),
('58122202079', 'นาย', 'เอนก', 'พรพุทธากุล', 2, 157),
('58122202081', 'นาย', 'ธนชิต', 'ทนงสุทธิ์', 2, 163),
('58122202083', 'นาย', 'ยนตเขต', 'เขาเเก้ว', 2, 154),
('58122202086', 'นาย', 'สัณหณัฐ', 'มิตรดี', 2, 145),
('58122202088', 'นาย', 'รัฐธรรม', 'ช้างทอง', 2, 135),
('58122202089', 'นางสาว', 'ผุสรัตน์', 'สิทธิดำรงค์', 2, 140),
('58122202090', 'นางสาว', 'ขนิษฐา', 'กาสี', 2, 115),
('58122202091', 'นาย', 'อรรถกร', 'นาคบุญช่วย', 2, 143),
('58122202092', 'นาย', 'ณัฐกฤษณ์', 'โรจนกิตติ', 2, 154),
('58122202093', 'นาย', 'นิวัฒน์', 'รอดเชื้อจีน', 2, 140),
('58122202094', 'นาย', 'ชัชชล', 'อำพันหอม', 2, 162),
('58122202095', 'นาย', 'จิณณวัตร', 'นาคเสน', 2, 155),
('58122202097', 'นาย', 'ปฏิภาณ', 'แจะจันทร์', 3, 101),
('58122202098', 'นาย', 'ชัชวัชร์', 'น้อยหา', 3, 107),
('58122202099', 'นาย', 'วัธนกฤต', 'อมาตยกุล', 3, 110),
('58122202100', 'นาย', 'ปัณณวัฒน์', 'เกิดอิ่ม', 3, 102),
('58122202101', 'นาย', 'พุฒิพงศ์', 'ทรัพย์สมบัติ', 3, 104),
('58122202102', 'นาย', 'อดินัย', 'นาสถิตย์', 3, 106),
('58122202103', 'นาย', 'ณัฐสิทธิ์', 'หมานเสบ', 3, 103),
('58122202104', 'นาย', 'กิตติพล', 'พลสงคราม', 3, 114),
('58122202107', 'นาย', 'ภูวดล', 'แป้งล่ำ', 3, 104),
('58122202109', 'นาย', 'ณัฐนนท์', 'รัญเสวะ', 3, 150),
('58122202112', 'นาย', 'ภาคภูมิ', 'ฉิมพัด', 3, 117),
('58122202113', 'นาย', 'วรพจน์', 'นพวงศ์', 3, 105),
('58122202114', 'นาย', 'กิตติภพ', 'พูลพลาธิป', 3, 106),
('58122202118', 'นางสาว', 'วิภาษณีย์', 'ศรีโรจน์', 3, 116),
('58122202119', 'นาย', 'วทัญญู', 'นาคนุช', 3, 107),
('58122202120', 'นาย', 'วีรพงศ์', 'สุนทะมาศ', 3, 101),
('58122202121', 'นาย', 'อิทธิพล', 'แก้วสี', 3, 103),
('58122202122', 'นาย', 'มารุต', 'อินอุดม', 3, 113),
('58122202123', 'นางสาว', 'ณัชชา', 'ไตรวัฒนานนท์', 3, 109),
('58122202124', 'นาย', 'บุรากรณ์', 'สุขสมยา', 3, 110),
('58122202125', 'นาย', 'ธนัท', 'เพ็ญสุข', 3, 111),
('58122202126', 'นาย', 'วชิรวิทย์', 'อุตตะมะ', 3, 112),
('58122202127', 'นาย', 'วรพงษ์', 'พรมวงศ์', 3, 103),
('58122202128', 'นางสาว', 'อริสา', 'คงนุ่น', 3, 113),
('58122202129', 'นางสาว', 'วนิดา', 'สิทธิคำ', 3, 118),
('58122202130', 'นาย', 'ณัฐพล', 'อักษรสม', 3, 113),
('58122202131', 'นาย', 'กฤษฎิ์ชลธ์', 'ฉันฑะจิตปรีชา', 3, 103),
('58122202133', 'นางสาว', 'ธนาพร', 'พลับน้อย', 3, 118),
('58122202134', 'นาย', 'วชิรวิทย์', 'ทับทิมใส', 3, 114),
('58122202135', 'นาย', 'ธนชาติ', 'พรสวัสดิ์ชัย', 3, 115),
('58122202136', 'นาย', 'จิรายุส', 'มูฮำมัดตาเฮด', 3, 150),
('58122202137', 'นาย', 'ปรมินทร์', 'ปาลกวงษ์ ณ อยุธยา', 3, 116),
('58122202138', 'นาย', 'ณพวุฒิ', 'มิ่งเชื้อ', 3, 117),
('58122202139', 'นาย', 'อภิรักษ์', 'เสาวิชิต', 3, 118),
('58122202140', 'นางสาว', 'คมขวัญ', 'สีอ่อน', 3, 119);

--
-- Indexes for dumped tables
--

--
-- Indexes for table `company`
--
ALTER TABLE `company`
  ADD PRIMARY KEY (`com_id`);

--
-- Indexes for table `region`
--
ALTER TABLE `region`
  ADD PRIMARY KEY (`reg_id`);

--
-- Indexes for table `student`
--
ALTER TABLE `student`
  ADD PRIMARY KEY (`stu_id`);

--
-- AUTO_INCREMENT for dumped tables
--

--
-- AUTO_INCREMENT for table `company`
--
ALTER TABLE `company`
  MODIFY `com_id` int(11) NOT NULL AUTO_INCREMENT, AUTO_INCREMENT=164;

--
-- AUTO_INCREMENT for table `region`
--
ALTER TABLE `region`
  MODIFY `reg_id` int(11) NOT NULL AUTO_INCREMENT, AUTO_INCREMENT=9;
COMMIT;

/*!40101 SET CHARACTER_SET_CLIENT=@OLD_CHARACTER_SET_CLIENT */;
/*!40101 SET CHARACTER_SET_RESULTS=@OLD_CHARACTER_SET_RESULTS */;
/*!40101 SET COLLATION_CONNECTION=@OLD_COLLATION_CONNECTION */;
